spp_file,Alt,Year,variable,value
Rougheye,NA,NA,SSB_100, 8813.34
Rougheye,NA,NA,SSB_40, 3525.33
Rougheye,NA,NA,SSB_ofl, 3084.67
Rougheye,NA,NA,SSB_2024,3567.22
Rougheye,NA,NA,Mean_rec, 0.737572
Rougheye,NA,NA,C_abc,404.989
Rougheye,NA,NA,C_ofl,433.626
Rougheye,NA,NA,F_0,0 
Rougheye,NA,NA,F_abc,0.0347349
Rougheye,NA,NA,F_ofl,0.0409186
Rougheye,1,2024,C_lb,453
Rougheye,1,2024,C_ub,453
Rougheye,1,2024,C_median,453
Rougheye,1,2024,C_mean,453
Rougheye,1,2024,C_sd,5.68434e-12
Rougheye,1,2025,C_lb,570.887
Rougheye,1,2025,C_ub,570.887
Rougheye,1,2025,C_median,570.887
Rougheye,1,2025,C_mean,570.887
Rougheye,1,2025,C_sd,1.78276e-09
Rougheye,1,2026,C_lb,711.931
Rougheye,1,2026,C_ub,711.951
Rougheye,1,2026,C_median,711.937
Rougheye,1,2026,C_mean,711.939
Rougheye,1,2026,C_sd,0.00635
Rougheye,1,2027,C_lb,758.369
Rougheye,1,2027,C_ub,758.417
Rougheye,1,2027,C_median,758.384
Rougheye,1,2027,C_mean,758.388
Rougheye,1,2027,C_sd,0.0157566
Rougheye,1,2028,C_lb,791.088
Rougheye,1,2028,C_ub,791.2
Rougheye,1,2028,C_median,791.124
Rougheye,1,2028,C_mean,791.132
Rougheye,1,2028,C_sd,0.0373779
Rougheye,1,2029,C_lb,811.426
Rougheye,1,2029,C_ub,811.679
Rougheye,1,2029,C_median,811.508
Rougheye,1,2029,C_mean,811.526
Rougheye,1,2029,C_sd,0.0852466
Rougheye,1,2030,C_lb,821.622
Rougheye,1,2030,C_ub,822.176
Rougheye,1,2030,C_median,821.799
Rougheye,1,2030,C_mean,821.84
Rougheye,1,2030,C_sd,0.18691
Rougheye,1,2031,C_lb,824.057
Rougheye,1,2031,C_ub,825.232
Rougheye,1,2031,C_median,824.432
Rougheye,1,2031,C_mean,824.518
Rougheye,1,2031,C_sd,0.396999
Rougheye,1,2032,C_lb,820.724
Rougheye,1,2032,C_ub,823.132
Rougheye,1,2032,C_median,821.49
Rougheye,1,2032,C_mean,821.666
Rougheye,1,2032,C_sd,0.809888
Rougheye,1,2033,C_lb,813.148
Rougheye,1,2033,C_ub,817.853
Rougheye,1,2033,C_median,814.661
Rougheye,1,2033,C_mean,815.004
Rougheye,1,2033,C_sd,1.57929
Rougheye,1,2034,C_lb,802.043
Rougheye,1,2034,C_ub,810.649
Rougheye,1,2034,C_median,804.905
Rougheye,1,2034,C_mean,805.489
Rougheye,1,2034,C_sd,2.89242
Rougheye,1,2035,C_lb,787.981
Rougheye,1,2035,C_ub,802.458
Rougheye,1,2035,C_median,792.911
Rougheye,1,2035,C_mean,793.893
Rougheye,1,2035,C_sd,4.89233
Rougheye,1,2036,C_lb,771.537
Rougheye,1,2036,C_ub,794.199
Rougheye,1,2036,C_median,779.541
Rougheye,1,2036,C_mean,780.873
Rougheye,1,2036,C_sd,7.56133
Rougheye,1,2037,C_lb,753.013
Rougheye,1,2037,C_ub,785.124
Rougheye,1,2037,C_median,764.52
Rougheye,1,2037,C_mean,766.378
Rougheye,1,2037,C_sd,10.6654
Rougheye,1,2024,SSB_lb,3522.8
Rougheye,1,2024,SSB_ub,3522.8
Rougheye,1,2024,SSB_median,3522.8
Rougheye,1,2024,SSB_mean,3522.8
Rougheye,1,2025,SSB_lb,3729.37
Rougheye,1,2025,SSB_ub,3729.65
Rougheye,1,2025,SSB_median,3729.44
Rougheye,1,2025,SSB_mean,3729.47
Rougheye,1,2026,SSB_lb,3942.94
Rougheye,1,2026,SSB_ub,3943.54
Rougheye,1,2026,SSB_median,3943.13
Rougheye,1,2026,SSB_mean,3943.17
Rougheye,1,2027,SSB_lb,4159.94
Rougheye,1,2027,SSB_ub,4161.02
Rougheye,1,2027,SSB_median,4160.32
Rougheye,1,2027,SSB_mean,4160.38
Rougheye,1,2028,SSB_lb,4392.64
Rougheye,1,2028,SSB_ub,4394.45
Rougheye,1,2028,SSB_median,4393.26
Rougheye,1,2028,SSB_mean,4393.38
Rougheye,1,2029,SSB_lb,4640.41
Rougheye,1,2029,SSB_ub,4643.29
Rougheye,1,2029,SSB_median,4641.43
Rougheye,1,2029,SSB_mean,4641.61
Rougheye,1,2030,SSB_lb,4901.14
Rougheye,1,2030,SSB_ub,4905.67
Rougheye,1,2030,SSB_median,4902.76
Rougheye,1,2030,SSB_mean,4903.02
Rougheye,1,2031,SSB_lb,5172.09
Rougheye,1,2031,SSB_ub,5178.93
Rougheye,1,2031,SSB_median,5174.56
Rougheye,1,2031,SSB_mean,5174.95
Rougheye,1,2032,SSB_lb,5449.04
Rougheye,1,2032,SSB_ub,5459.17
Rougheye,1,2032,SSB_median,5452.7
Rougheye,1,2032,SSB_mean,5453.29
Rougheye,1,2033,SSB_lb,5725.76
Rougheye,1,2033,SSB_ub,5740.42
Rougheye,1,2033,SSB_median,5731.16
Rougheye,1,2033,SSB_mean,5731.99
Rougheye,1,2034,SSB_lb,5992.62
Rougheye,1,2034,SSB_ub,6013.66
Rougheye,1,2034,SSB_median,6000.39
Rougheye,1,2034,SSB_mean,6001.56
Rougheye,1,2035,SSB_lb,6239.95
Rougheye,1,2035,SSB_ub,6269.05
Rougheye,1,2035,SSB_median,6250.94
Rougheye,1,2035,SSB_mean,6252.5
Rougheye,1,2036,SSB_lb,6459.39
Rougheye,1,2036,SSB_ub,6499.57
Rougheye,1,2036,SSB_median,6474.57
Rougheye,1,2036,SSB_mean,6476.64
Rougheye,1,2037,SSB_lb,6638.96
Rougheye,1,2037,SSB_ub,6693.91
Rougheye,1,2037,SSB_median,6659.43
Rougheye,1,2037,SSB_mean,6662.3
Rougheye,1,2024,F_lb,0.0266421
Rougheye,1,2024,F_ub,0.0266421
Rougheye,1,2024,F_median,0.0266421
Rougheye,1,2024,F_mean,0.0266421
Rougheye,1,2025,F_lb,0.030356
Rougheye,1,2025,F_ub,0.0303563
Rougheye,1,2025,F_median,0.0303562
Rougheye,1,2025,F_mean,0.0303562
Rougheye,1,2026,F_lb,0.0347349
Rougheye,1,2026,F_ub,0.0347349
Rougheye,1,2026,F_median,0.0347349
Rougheye,1,2026,F_mean,0.0347349
Rougheye,1,2027,F_lb,0.0347349
Rougheye,1,2027,F_ub,0.0347349
Rougheye,1,2027,F_median,0.0347349
Rougheye,1,2027,F_mean,0.0347349
Rougheye,1,2028,F_lb,0.0347349
Rougheye,1,2028,F_ub,0.0347349
Rougheye,1,2028,F_median,0.0347349
Rougheye,1,2028,F_mean,0.0347349
Rougheye,1,2029,F_lb,0.0347349
Rougheye,1,2029,F_ub,0.0347349
Rougheye,1,2029,F_median,0.0347349
Rougheye,1,2029,F_mean,0.0347349
Rougheye,1,2030,F_lb,0.0347349
Rougheye,1,2030,F_ub,0.0347349
Rougheye,1,2030,F_median,0.0347349
Rougheye,1,2030,F_mean,0.0347349
Rougheye,1,2031,F_lb,0.0347349
Rougheye,1,2031,F_ub,0.0347349
Rougheye,1,2031,F_median,0.0347349
Rougheye,1,2031,F_mean,0.0347349
Rougheye,1,2032,F_lb,0.0347349
Rougheye,1,2032,F_ub,0.0347349
Rougheye,1,2032,F_median,0.0347349
Rougheye,1,2032,F_mean,0.0347349
Rougheye,1,2033,F_lb,0.0347349
Rougheye,1,2033,F_ub,0.0347349
Rougheye,1,2033,F_median,0.0347349
Rougheye,1,2033,F_mean,0.0347349
Rougheye,1,2034,F_lb,0.0347349
Rougheye,1,2034,F_ub,0.0347349
Rougheye,1,2034,F_median,0.0347349
Rougheye,1,2034,F_mean,0.0347349
Rougheye,1,2035,F_lb,0.0347349
Rougheye,1,2035,F_ub,0.0347349
Rougheye,1,2035,F_median,0.0347349
Rougheye,1,2035,F_mean,0.0347349
Rougheye,1,2036,F_lb,0.0347349
Rougheye,1,2036,F_ub,0.0347349
Rougheye,1,2036,F_median,0.0347349
Rougheye,1,2036,F_mean,0.0347349
Rougheye,1,2037,F_lb,0.0347349
Rougheye,1,2037,F_ub,0.0347349
Rougheye,1,2037,F_median,0.0347349
Rougheye,1,2037,F_mean,0.0347349
Rougheye,2,2024,C_lb,453
Rougheye,2,2024,C_ub,453
Rougheye,2,2024,C_median,453
Rougheye,2,2024,C_mean,453
Rougheye,2,2024,C_sd,5.68434e-12
Rougheye,2,2025,C_lb,570.887
Rougheye,2,2025,C_ub,570.887
Rougheye,2,2025,C_median,570.887
Rougheye,2,2025,C_mean,570.887
Rougheye,2,2025,C_sd,1.78276e-09
Rougheye,2,2026,C_lb,641.68
Rougheye,2,2026,C_ub,641.697
Rougheye,2,2026,C_median,641.685
Rougheye,2,2026,C_mean,641.686
Rougheye,2,2026,C_sd,0.0057151
Rougheye,2,2027,C_lb,685.548
Rougheye,2,2027,C_ub,685.591
Rougheye,2,2027,C_median,685.562
Rougheye,2,2027,C_mean,685.565
Rougheye,2,2027,C_sd,0.0141813
Rougheye,2,2028,C_lb,717.256
Rougheye,2,2028,C_ub,717.357
Rougheye,2,2028,C_median,717.288
Rougheye,2,2028,C_mean,717.295
Rougheye,2,2028,C_sd,0.0336416
Rougheye,2,2029,C_lb,737.903
Rougheye,2,2029,C_ub,738.13
Rougheye,2,2029,C_median,737.976
Rougheye,2,2029,C_mean,737.992
Rougheye,2,2029,C_sd,0.0767275
Rougheye,2,2030,C_lb,749.413
Rougheye,2,2030,C_ub,749.912
Rougheye,2,2030,C_median,749.572
Rougheye,2,2030,C_mean,749.609
Rougheye,2,2030,C_sd,0.168241
Rougheye,2,2031,C_lb,753.871
Rougheye,2,2031,C_ub,754.928
Rougheye,2,2031,C_median,754.208
Rougheye,2,2031,C_mean,754.285
Rougheye,2,2031,C_sd,0.357386
Rougheye,2,2032,C_lb,753.03
Rougheye,2,2032,C_ub,755.198
Rougheye,2,2032,C_median,753.72
Rougheye,2,2032,C_mean,753.878
Rougheye,2,2032,C_sd,0.729225
Rougheye,2,2033,C_lb,748.24
Rougheye,2,2033,C_ub,752.478
Rougheye,2,2033,C_median,749.603
Rougheye,2,2033,C_mean,749.911
Rougheye,2,2033,C_sd,1.42249
Rougheye,2,2034,C_lb,740.124
Rougheye,2,2034,C_ub,747.881
Rougheye,2,2034,C_median,742.705
Rougheye,2,2034,C_mean,743.23
Rougheye,2,2034,C_sd,2.60678
Rougheye,2,2035,C_lb,729.192
Rougheye,2,2035,C_ub,742.256
Rougheye,2,2035,C_median,733.637
Rougheye,2,2035,C_mean,734.524
Rougheye,2,2035,C_sd,4.41309
Rougheye,2,2036,C_lb,715.962
Rougheye,2,2036,C_ub,736.431
Rougheye,2,2036,C_median,723.185
Rougheye,2,2036,C_mean,724.388
Rougheye,2,2036,C_sd,6.829
Rougheye,2,2037,C_lb,700.676
Rougheye,2,2037,C_ub,729.729
Rougheye,2,2037,C_median,711.09
Rougheye,2,2037,C_mean,712.765
Rougheye,2,2037,C_sd,9.64707
Rougheye,2,2024,SSB_lb,3522.8
Rougheye,2,2024,SSB_ub,3522.8
Rougheye,2,2024,SSB_median,3522.8
Rougheye,2,2024,SSB_mean,3522.8
Rougheye,2,2025,SSB_lb,3729.37
Rougheye,2,2025,SSB_ub,3729.65
Rougheye,2,2025,SSB_median,3729.44
Rougheye,2,2025,SSB_mean,3729.47
Rougheye,2,2026,SSB_lb,3945.11
Rougheye,2,2026,SSB_ub,3945.72
Rougheye,2,2026,SSB_median,3945.31
Rougheye,2,2026,SSB_mean,3945.35
Rougheye,2,2027,SSB_lb,4175.89
Rougheye,2,2027,SSB_ub,4176.97
Rougheye,2,2027,SSB_median,4176.27
Rougheye,2,2027,SSB_mean,4176.33
Rougheye,2,2028,SSB_lb,4423.9
Rougheye,2,2028,SSB_ub,4425.71
Rougheye,2,2028,SSB_median,4424.52
Rougheye,2,2028,SSB_mean,4424.64
Rougheye,2,2029,SSB_lb,4688.67
Rougheye,2,2029,SSB_ub,4691.54
Rougheye,2,2029,SSB_median,4689.68
Rougheye,2,2029,SSB_mean,4689.86
Rougheye,2,2030,SSB_lb,4968.19
Rougheye,2,2030,SSB_ub,4972.72
Rougheye,2,2030,SSB_median,4969.81
Rougheye,2,2030,SSB_mean,4970.07
Rougheye,2,2031,SSB_lb,5259.81
Rougheye,2,2031,SSB_ub,5266.65
Rougheye,2,2031,SSB_median,5262.28
Rougheye,2,2031,SSB_mean,5262.66
Rougheye,2,2032,SSB_lb,5559.28
Rougheye,2,2032,SSB_ub,5569.42
Rougheye,2,2032,SSB_median,5562.95
Rougheye,2,2032,SSB_mean,5563.54
Rougheye,2,2033,SSB_lb,5860.3
Rougheye,2,2033,SSB_ub,5874.98
Rougheye,2,2033,SSB_median,5865.71
Rougheye,2,2033,SSB_mean,5866.55
Rougheye,2,2034,SSB_lb,6152.96
Rougheye,2,2034,SSB_ub,6174.02
Rougheye,2,2034,SSB_median,6160.73
Rougheye,2,2034,SSB_mean,6161.91
Rougheye,2,2035,SSB_lb,6427.15
Rougheye,2,2035,SSB_ub,6456.3
Rougheye,2,2035,SSB_median,6438.15
Rougheye,2,2035,SSB_mean,6439.72
Rougheye,2,2036,SSB_lb,6674.04
Rougheye,2,2036,SSB_ub,6714.34
Rougheye,2,2036,SSB_median,6689.23
Rougheye,2,2036,SSB_mean,6691.32
Rougheye,2,2037,SSB_lb,6880.9
Rougheye,2,2037,SSB_ub,6936.12
Rougheye,2,2037,SSB_median,6901.45
Rougheye,2,2037,SSB_mean,6904.31
Rougheye,2,2024,F_lb,0.0266421
Rougheye,2,2024,F_ub,0.0266421
Rougheye,2,2024,F_median,0.0266421
Rougheye,2,2024,F_mean,0.0266421
Rougheye,2,2025,F_lb,0.030356
Rougheye,2,2025,F_ub,0.0303563
Rougheye,2,2025,F_median,0.0303562
Rougheye,2,2025,F_mean,0.0303562
Rougheye,2,2026,F_lb,0.0312614
Rougheye,2,2026,F_ub,0.0312614
Rougheye,2,2026,F_median,0.0312614
Rougheye,2,2026,F_mean,0.0312614
Rougheye,2,2027,F_lb,0.0312614
Rougheye,2,2027,F_ub,0.0312614
Rougheye,2,2027,F_median,0.0312614
Rougheye,2,2027,F_mean,0.0312614
Rougheye,2,2028,F_lb,0.0312614
Rougheye,2,2028,F_ub,0.0312614
Rougheye,2,2028,F_median,0.0312614
Rougheye,2,2028,F_mean,0.0312614
Rougheye,2,2029,F_lb,0.0312614
Rougheye,2,2029,F_ub,0.0312614
Rougheye,2,2029,F_median,0.0312614
Rougheye,2,2029,F_mean,0.0312614
Rougheye,2,2030,F_lb,0.0312614
Rougheye,2,2030,F_ub,0.0312614
Rougheye,2,2030,F_median,0.0312614
Rougheye,2,2030,F_mean,0.0312614
Rougheye,2,2031,F_lb,0.0312614
Rougheye,2,2031,F_ub,0.0312614
Rougheye,2,2031,F_median,0.0312614
Rougheye,2,2031,F_mean,0.0312614
Rougheye,2,2032,F_lb,0.0312614
Rougheye,2,2032,F_ub,0.0312614
Rougheye,2,2032,F_median,0.0312614
Rougheye,2,2032,F_mean,0.0312614
Rougheye,2,2033,F_lb,0.0312614
Rougheye,2,2033,F_ub,0.0312614
Rougheye,2,2033,F_median,0.0312614
Rougheye,2,2033,F_mean,0.0312614
Rougheye,2,2034,F_lb,0.0312614
Rougheye,2,2034,F_ub,0.0312614
Rougheye,2,2034,F_median,0.0312614
Rougheye,2,2034,F_mean,0.0312614
Rougheye,2,2035,F_lb,0.0312614
Rougheye,2,2035,F_ub,0.0312614
Rougheye,2,2035,F_median,0.0312614
Rougheye,2,2035,F_mean,0.0312614
Rougheye,2,2036,F_lb,0.0312614
Rougheye,2,2036,F_ub,0.0312614
Rougheye,2,2036,F_median,0.0312614
Rougheye,2,2036,F_mean,0.0312614
Rougheye,2,2037,F_lb,0.0312614
Rougheye,2,2037,F_ub,0.0312614
Rougheye,2,2037,F_median,0.0312614
Rougheye,2,2037,F_mean,0.0312614
Rougheye,3,2024,C_lb,453
Rougheye,3,2024,C_ub,453
Rougheye,3,2024,C_median,453
Rougheye,3,2024,C_mean,453
Rougheye,3,2024,C_sd,5.68434e-12
Rougheye,3,2025,C_lb,570.887
Rougheye,3,2025,C_ub,570.887
Rougheye,3,2025,C_median,570.887
Rougheye,3,2025,C_mean,570.887
Rougheye,3,2025,C_sd,1.78276e-09
Rougheye,3,2026,C_lb,623.337
Rougheye,3,2026,C_ub,623.354
Rougheye,3,2026,C_median,623.342
Rougheye,3,2026,C_mean,623.344
Rougheye,3,2026,C_sd,0.00554963
Rougheye,3,2027,C_lb,666.462
Rougheye,3,2027,C_ub,666.504
Rougheye,3,2027,C_median,666.475
Rougheye,3,2027,C_mean,666.478
Rougheye,3,2027,C_sd,0.0137708
Rougheye,3,2028,C_lb,697.828
Rougheye,3,2028,C_ub,697.926
Rougheye,3,2028,C_median,697.859
Rougheye,3,2028,C_mean,697.866
Rougheye,3,2028,C_sd,0.0326678
Rougheye,3,2029,C_lb,718.476
Rougheye,3,2029,C_ub,718.697
Rougheye,3,2029,C_median,718.547
Rougheye,3,2029,C_mean,718.563
Rougheye,3,2029,C_sd,0.0745071
Rougheye,3,2030,C_lb,730.253
Rougheye,3,2030,C_ub,730.737
Rougheye,3,2030,C_median,730.408
Rougheye,3,2030,C_mean,730.443
Rougheye,3,2030,C_sd,0.163375
Rougheye,3,2031,C_lb,735.167
Rougheye,3,2031,C_ub,736.193
Rougheye,3,2031,C_median,735.495
Rougheye,3,2031,C_mean,735.57
Rougheye,3,2031,C_sd,0.347059
Rougheye,3,2032,C_lb,734.91
Rougheye,3,2032,C_ub,737.016
Rougheye,3,2032,C_median,735.58
Rougheye,3,2032,C_mean,735.734
Rougheye,3,2032,C_sd,0.708191
Rougheye,3,2033,C_lb,730.787
Rougheye,3,2033,C_ub,734.903
Rougheye,3,2033,C_median,732.111
Rougheye,3,2033,C_mean,732.41
Rougheye,3,2033,C_sd,1.38159
Rougheye,3,2034,C_lb,723.398
Rougheye,3,2034,C_ub,730.934
Rougheye,3,2034,C_median,725.906
Rougheye,3,2034,C_mean,726.416
Rougheye,3,2034,C_sd,2.53221
Rougheye,3,2035,C_lb,713.237
Rougheye,3,2035,C_ub,725.931
Rougheye,3,2035,C_median,717.556
Rougheye,3,2035,C_mean,718.416
Rougheye,3,2035,C_sd,4.28784
Rougheye,3,2036,C_lb,700.805
Rougheye,3,2036,C_ub,720.701
Rougheye,3,2036,C_median,707.823
Rougheye,3,2036,C_mean,708.993
Rougheye,3,2036,C_sd,6.63729
Rougheye,3,2037,C_lb,686.331
Rougheye,3,2037,C_ub,714.582
Rougheye,3,2037,C_median,696.458
Rougheye,3,2037,C_mean,698.086
Rougheye,3,2037,C_sd,9.37997
Rougheye,3,2024,SSB_lb,3522.8
Rougheye,3,2024,SSB_ub,3522.8
Rougheye,3,2024,SSB_median,3522.8
Rougheye,3,2024,SSB_mean,3522.8
Rougheye,3,2025,SSB_lb,3729.37
Rougheye,3,2025,SSB_ub,3729.65
Rougheye,3,2025,SSB_median,3729.44
Rougheye,3,2025,SSB_mean,3729.47
Rougheye,3,2026,SSB_lb,3945.68
Rougheye,3,2026,SSB_ub,3946.29
Rougheye,3,2026,SSB_median,3945.87
Rougheye,3,2026,SSB_mean,3945.92
Rougheye,3,2027,SSB_lb,4180.06
Rougheye,3,2027,SSB_ub,4181.14
Rougheye,3,2027,SSB_median,4180.43
Rougheye,3,2027,SSB_mean,4180.5
Rougheye,3,2028,SSB_lb,4432.08
Rougheye,3,2028,SSB_ub,4433.89
Rougheye,3,2028,SSB_median,4432.7
Rougheye,3,2028,SSB_mean,4432.82
Rougheye,3,2029,SSB_lb,4701.33
Rougheye,3,2029,SSB_ub,4704.2
Rougheye,3,2029,SSB_median,4702.34
Rougheye,3,2029,SSB_mean,4702.52
Rougheye,3,2030,SSB_lb,4985.82
Rougheye,3,2030,SSB_ub,4990.35
Rougheye,3,2030,SSB_median,4987.44
Rougheye,3,2030,SSB_mean,4987.7
Rougheye,3,2031,SSB_lb,5282.92
Rougheye,3,2031,SSB_ub,5289.76
Rougheye,3,2031,SSB_median,5285.39
Rougheye,3,2031,SSB_mean,5285.77
Rougheye,3,2032,SSB_lb,5588.39
Rougheye,3,2032,SSB_ub,5598.53
Rougheye,3,2032,SSB_median,5592.06
Rougheye,3,2032,SSB_mean,5592.65
Rougheye,3,2033,SSB_lb,5895.9
Rougheye,3,2033,SSB_ub,5910.57
Rougheye,3,2033,SSB_median,5901.3
Rougheye,3,2033,SSB_mean,5902.14
Rougheye,3,2034,SSB_lb,6195.47
Rougheye,3,2034,SSB_ub,6216.52
Rougheye,3,2034,SSB_median,6203.23
Rougheye,3,2034,SSB_mean,6204.41
Rougheye,3,2035,SSB_lb,6476.88
Rougheye,3,2035,SSB_ub,6506.04
Rougheye,3,2035,SSB_median,6487.88
Rougheye,3,2035,SSB_mean,6489.45
Rougheye,3,2036,SSB_lb,6731.17
Rougheye,3,2036,SSB_ub,6771.5
Rougheye,3,2036,SSB_median,6746.37
Rougheye,3,2036,SSB_mean,6748.46
Rougheye,3,2037,SSB_lb,6945.42
Rougheye,3,2037,SSB_ub,7000.71
Rougheye,3,2037,SSB_median,6965.99
Rougheye,3,2037,SSB_mean,6968.85
Rougheye,3,2024,F_lb,0.0266421
Rougheye,3,2024,F_ub,0.0266421
Rougheye,3,2024,F_median,0.0266421
Rougheye,3,2024,F_mean,0.0266421
Rougheye,3,2025,F_lb,0.030356
Rougheye,3,2025,F_ub,0.0303563
Rougheye,3,2025,F_median,0.0303562
Rougheye,3,2025,F_mean,0.0303562
Rougheye,3,2026,F_lb,0.0303562
Rougheye,3,2026,F_ub,0.0303562
Rougheye,3,2026,F_median,0.0303562
Rougheye,3,2026,F_mean,0.0303562
Rougheye,3,2027,F_lb,0.0303562
Rougheye,3,2027,F_ub,0.0303562
Rougheye,3,2027,F_median,0.0303562
Rougheye,3,2027,F_mean,0.0303562
Rougheye,3,2028,F_lb,0.0303562
Rougheye,3,2028,F_ub,0.0303562
Rougheye,3,2028,F_median,0.0303562
Rougheye,3,2028,F_mean,0.0303562
Rougheye,3,2029,F_lb,0.0303562
Rougheye,3,2029,F_ub,0.0303562
Rougheye,3,2029,F_median,0.0303562
Rougheye,3,2029,F_mean,0.0303562
Rougheye,3,2030,F_lb,0.0303562
Rougheye,3,2030,F_ub,0.0303562
Rougheye,3,2030,F_median,0.0303562
Rougheye,3,2030,F_mean,0.0303562
Rougheye,3,2031,F_lb,0.0303562
Rougheye,3,2031,F_ub,0.0303562
Rougheye,3,2031,F_median,0.0303562
Rougheye,3,2031,F_mean,0.0303562
Rougheye,3,2032,F_lb,0.0303562
Rougheye,3,2032,F_ub,0.0303562
Rougheye,3,2032,F_median,0.0303562
Rougheye,3,2032,F_mean,0.0303562
Rougheye,3,2033,F_lb,0.0303562
Rougheye,3,2033,F_ub,0.0303562
Rougheye,3,2033,F_median,0.0303562
Rougheye,3,2033,F_mean,0.0303562
Rougheye,3,2034,F_lb,0.0303562
Rougheye,3,2034,F_ub,0.0303562
Rougheye,3,2034,F_median,0.0303562
Rougheye,3,2034,F_mean,0.0303562
Rougheye,3,2035,F_lb,0.0303562
Rougheye,3,2035,F_ub,0.0303562
Rougheye,3,2035,F_median,0.0303562
Rougheye,3,2035,F_mean,0.0303562
Rougheye,3,2036,F_lb,0.0303562
Rougheye,3,2036,F_ub,0.0303562
Rougheye,3,2036,F_median,0.0303562
Rougheye,3,2036,F_mean,0.0303562
Rougheye,3,2037,F_lb,0.0303562
Rougheye,3,2037,F_ub,0.0303562
Rougheye,3,2037,F_median,0.0303562
Rougheye,3,2037,F_mean,0.0303562
Rougheye,4,2024,C_lb,453
Rougheye,4,2024,C_ub,453
Rougheye,4,2024,C_median,453
Rougheye,4,2024,C_mean,453
Rougheye,4,2024,C_sd,5.68434e-12
Rougheye,4,2025,C_lb,570.887
Rougheye,4,2025,C_ub,570.887
Rougheye,4,2025,C_median,570.887
Rougheye,4,2025,C_mean,570.887
Rougheye,4,2025,C_sd,1.78276e-09
Rougheye,4,2026,C_lb,197.824
Rougheye,4,2026,C_ub,197.83
Rougheye,4,2026,C_median,197.826
Rougheye,4,2026,C_mean,197.826
Rougheye,4,2026,C_sd,0.00174597
Rougheye,4,2027,C_lb,215.272
Rougheye,4,2027,C_ub,215.286
Rougheye,4,2027,C_median,215.277
Rougheye,4,2027,C_mean,215.278
Rougheye,4,2027,C_sd,0.00433276
Rougheye,4,2028,C_lb,229.466
Rougheye,4,2028,C_ub,229.497
Rougheye,4,2028,C_median,229.476
Rougheye,4,2028,C_mean,229.478
Rougheye,4,2028,C_sd,0.0102792
Rougheye,4,2029,C_lb,240.546
Rougheye,4,2029,C_ub,240.615
Rougheye,4,2029,C_median,240.568
Rougheye,4,2029,C_mean,240.573
Rougheye,4,2029,C_sd,0.0234485
Rougheye,4,2030,C_lb,248.931
Rougheye,4,2030,C_ub,249.083
Rougheye,4,2030,C_median,248.979
Rougheye,4,2030,C_mean,248.991
Rougheye,4,2030,C_sd,0.0514347
Rougheye,4,2031,C_lb,255.137
Rougheye,4,2031,C_ub,255.46
Rougheye,4,2031,C_median,255.24
Rougheye,4,2031,C_mean,255.264
Rougheye,4,2031,C_sd,0.109337
Rougheye,4,2032,C_lb,259.616
Rougheye,4,2032,C_ub,260.28
Rougheye,4,2032,C_median,259.828
Rougheye,4,2032,C_mean,259.876
Rougheye,4,2032,C_sd,0.223378
Rougheye,4,2033,C_lb,262.726
Rougheye,4,2033,C_ub,264.026
Rougheye,4,2033,C_median,263.144
Rougheye,4,2033,C_mean,263.239
Rougheye,4,2033,C_sd,0.436707
Rougheye,4,2034,C_lb,264.606
Rougheye,4,2034,C_ub,267
Rougheye,4,2034,C_median,265.402
Rougheye,4,2034,C_mean,265.564
Rougheye,4,2034,C_sd,0.803203
Rougheye,4,2035,C_lb,265.393
Rougheye,4,2035,C_ub,269.441
Rougheye,4,2035,C_median,266.765
Rougheye,4,2035,C_mean,267.042
Rougheye,4,2035,C_sd,1.36734
Rougheye,4,2036,C_lb,265.233
Rougheye,4,2036,C_ub,271.63
Rougheye,4,2036,C_median,267.485
Rougheye,4,2036,C_mean,267.853
Rougheye,4,2036,C_sd,2.13221
Rougheye,4,2037,C_lb,264.13
Rougheye,4,2037,C_ub,273.304
Rougheye,4,2037,C_median,267.425
Rougheye,4,2037,C_mean,267.942
Rougheye,4,2037,C_sd,3.0411
Rougheye,4,2024,SSB_lb,3522.8
Rougheye,4,2024,SSB_ub,3522.8
Rougheye,4,2024,SSB_median,3522.8
Rougheye,4,2024,SSB_mean,3522.8
Rougheye,4,2025,SSB_lb,3729.37
Rougheye,4,2025,SSB_ub,3729.65
Rougheye,4,2025,SSB_median,3729.44
Rougheye,4,2025,SSB_mean,3729.47
Rougheye,4,2026,SSB_lb,3958.74
Rougheye,4,2026,SSB_ub,3959.35
Rougheye,4,2026,SSB_median,3958.93
Rougheye,4,2026,SSB_mean,3958.98
Rougheye,4,2027,SSB_lb,4277.02
Rougheye,4,2027,SSB_ub,4278.1
Rougheye,4,2027,SSB_median,4277.39
Rougheye,4,2027,SSB_mean,4277.46
Rougheye,4,2028,SSB_lb,4624.5
Rougheye,4,2028,SSB_ub,4626.31
Rougheye,4,2028,SSB_median,4625.12
Rougheye,4,2028,SSB_mean,4625.24
Rougheye,4,2029,SSB_lb,5002.12
Rougheye,4,2029,SSB_ub,5005
Rougheye,4,2029,SSB_median,5003.14
Rougheye,4,2029,SSB_mean,5003.32
Rougheye,4,2030,SSB_lb,5409.06
Rougheye,4,2030,SSB_ub,5413.59
Rougheye,4,2030,SSB_median,5410.68
Rougheye,4,2030,SSB_mean,5410.94
Rougheye,4,2031,SSB_lb,5843.58
Rougheye,4,2031,SSB_ub,5850.43
Rougheye,4,2031,SSB_median,5846.06
Rougheye,4,2031,SSB_mean,5846.44
Rougheye,4,2032,SSB_lb,6301.97
Rougheye,4,2032,SSB_ub,6312.13
Rougheye,4,2032,SSB_median,6305.65
Rougheye,4,2032,SSB_mean,6306.24
Rougheye,4,2033,SSB_lb,6777.73
Rougheye,4,2033,SSB_ub,6792.45
Rougheye,4,2033,SSB_median,6783.16
Rougheye,4,2033,SSB_mean,6784
Rougheye,4,2034,SSB_lb,7259.54
Rougheye,4,2034,SSB_ub,7280.71
Rougheye,4,2034,SSB_median,7267.34
Rougheye,4,2034,SSB_mean,7268.53
Rougheye,4,2035,SSB_lb,7734.84
Rougheye,4,2035,SSB_ub,7764.29
Rougheye,4,2035,SSB_median,7745.93
Rougheye,4,2035,SSB_mean,7747.54
Rougheye,4,2036,SSB_lb,8191.63
Rougheye,4,2036,SSB_ub,8232.68
Rougheye,4,2036,SSB_median,8206.97
Rougheye,4,2036,SSB_mean,8209.17
Rougheye,4,2037,SSB_lb,8612.08
Rougheye,4,2037,SSB_ub,8668.11
Rougheye,4,2037,SSB_median,8633.07
Rougheye,4,2037,SSB_mean,8635.99
Rougheye,4,2024,F_lb,0.0266421
Rougheye,4,2024,F_ub,0.0266421
Rougheye,4,2024,F_median,0.0266421
Rougheye,4,2024,F_mean,0.0266421
Rougheye,4,2025,F_lb,0.030356
Rougheye,4,2025,F_ub,0.0303563
Rougheye,4,2025,F_median,0.0303562
Rougheye,4,2025,F_mean,0.0303562
Rougheye,4,2026,F_lb,0.00954937
Rougheye,4,2026,F_ub,0.00954937
Rougheye,4,2026,F_median,0.00954937
Rougheye,4,2026,F_mean,0.00954937
Rougheye,4,2027,F_lb,0.00954937
Rougheye,4,2027,F_ub,0.00954937
Rougheye,4,2027,F_median,0.00954937
Rougheye,4,2027,F_mean,0.00954937
Rougheye,4,2028,F_lb,0.00954937
Rougheye,4,2028,F_ub,0.00954937
Rougheye,4,2028,F_median,0.00954937
Rougheye,4,2028,F_mean,0.00954937
Rougheye,4,2029,F_lb,0.00954937
Rougheye,4,2029,F_ub,0.00954937
Rougheye,4,2029,F_median,0.00954937
Rougheye,4,2029,F_mean,0.00954937
Rougheye,4,2030,F_lb,0.00954937
Rougheye,4,2030,F_ub,0.00954937
Rougheye,4,2030,F_median,0.00954937
Rougheye,4,2030,F_mean,0.00954937
Rougheye,4,2031,F_lb,0.00954937
Rougheye,4,2031,F_ub,0.00954937
Rougheye,4,2031,F_median,0.00954937
Rougheye,4,2031,F_mean,0.00954937
Rougheye,4,2032,F_lb,0.00954937
Rougheye,4,2032,F_ub,0.00954937
Rougheye,4,2032,F_median,0.00954937
Rougheye,4,2032,F_mean,0.00954937
Rougheye,4,2033,F_lb,0.00954937
Rougheye,4,2033,F_ub,0.00954937
Rougheye,4,2033,F_median,0.00954937
Rougheye,4,2033,F_mean,0.00954937
Rougheye,4,2034,F_lb,0.00954937
Rougheye,4,2034,F_ub,0.00954937
Rougheye,4,2034,F_median,0.00954937
Rougheye,4,2034,F_mean,0.00954937
Rougheye,4,2035,F_lb,0.00954937
Rougheye,4,2035,F_ub,0.00954937
Rougheye,4,2035,F_median,0.00954937
Rougheye,4,2035,F_mean,0.00954937
Rougheye,4,2036,F_lb,0.00954937
Rougheye,4,2036,F_ub,0.00954937
Rougheye,4,2036,F_median,0.00954937
Rougheye,4,2036,F_mean,0.00954937
Rougheye,4,2037,F_lb,0.00954937
Rougheye,4,2037,F_ub,0.00954937
Rougheye,4,2037,F_median,0.00954937
Rougheye,4,2037,F_mean,0.00954937
Rougheye,5,2024,C_lb,453
Rougheye,5,2024,C_ub,453
Rougheye,5,2024,C_median,453
Rougheye,5,2024,C_mean,453
Rougheye,5,2024,C_sd,5.68434e-12
Rougheye,5,2025,C_lb,570.887
Rougheye,5,2025,C_ub,570.887
Rougheye,5,2025,C_median,570.887
Rougheye,5,2025,C_mean,570.887
Rougheye,5,2025,C_sd,1.78276e-09
Rougheye,5,2026,C_lb,0
Rougheye,5,2026,C_ub,0
Rougheye,5,2026,C_median,0
Rougheye,5,2026,C_mean,0
Rougheye,5,2026,C_sd,0
Rougheye,5,2027,C_lb,0
Rougheye,5,2027,C_ub,0
Rougheye,5,2027,C_median,0
Rougheye,5,2027,C_mean,0
Rougheye,5,2027,C_sd,0
Rougheye,5,2028,C_lb,0
Rougheye,5,2028,C_ub,0
Rougheye,5,2028,C_median,0
Rougheye,5,2028,C_mean,0
Rougheye,5,2028,C_sd,0
Rougheye,5,2029,C_lb,0
Rougheye,5,2029,C_ub,0
Rougheye,5,2029,C_median,0
Rougheye,5,2029,C_mean,0
Rougheye,5,2029,C_sd,0
Rougheye,5,2030,C_lb,0
Rougheye,5,2030,C_ub,0
Rougheye,5,2030,C_median,0
Rougheye,5,2030,C_mean,0
Rougheye,5,2030,C_sd,0
Rougheye,5,2031,C_lb,0
Rougheye,5,2031,C_ub,0
Rougheye,5,2031,C_median,0
Rougheye,5,2031,C_mean,0
Rougheye,5,2031,C_sd,0
Rougheye,5,2032,C_lb,0
Rougheye,5,2032,C_ub,0
Rougheye,5,2032,C_median,0
Rougheye,5,2032,C_mean,0
Rougheye,5,2032,C_sd,0
Rougheye,5,2033,C_lb,0
Rougheye,5,2033,C_ub,0
Rougheye,5,2033,C_median,0
Rougheye,5,2033,C_mean,0
Rougheye,5,2033,C_sd,0
Rougheye,5,2034,C_lb,0
Rougheye,5,2034,C_ub,0
Rougheye,5,2034,C_median,0
Rougheye,5,2034,C_mean,0
Rougheye,5,2034,C_sd,0
Rougheye,5,2035,C_lb,0
Rougheye,5,2035,C_ub,0
Rougheye,5,2035,C_median,0
Rougheye,5,2035,C_mean,0
Rougheye,5,2035,C_sd,0
Rougheye,5,2036,C_lb,0
Rougheye,5,2036,C_ub,0
Rougheye,5,2036,C_median,0
Rougheye,5,2036,C_mean,0
Rougheye,5,2036,C_sd,0
Rougheye,5,2037,C_lb,0
Rougheye,5,2037,C_ub,0
Rougheye,5,2037,C_median,0
Rougheye,5,2037,C_mean,0
Rougheye,5,2037,C_sd,0
Rougheye,5,2024,SSB_lb,3522.8
Rougheye,5,2024,SSB_ub,3522.8
Rougheye,5,2024,SSB_median,3522.8
Rougheye,5,2024,SSB_mean,3522.8
Rougheye,5,2025,SSB_lb,3729.37
Rougheye,5,2025,SSB_ub,3729.65
Rougheye,5,2025,SSB_median,3729.44
Rougheye,5,2025,SSB_mean,3729.47
Rougheye,5,2026,SSB_lb,3964.75
Rougheye,5,2026,SSB_ub,3965.36
Rougheye,5,2026,SSB_median,3964.94
Rougheye,5,2026,SSB_mean,3964.99
Rougheye,5,2027,SSB_lb,4322.29
Rougheye,5,2027,SSB_ub,4323.36
Rougheye,5,2027,SSB_median,4322.66
Rougheye,5,2027,SSB_mean,4322.72
Rougheye,5,2028,SSB_lb,4715.65
Rougheye,5,2028,SSB_ub,4717.46
Rougheye,5,2028,SSB_median,4716.27
Rougheye,5,2028,SSB_mean,4716.39
Rougheye,5,2029,SSB_lb,5146.68
Rougheye,5,2029,SSB_ub,5149.55
Rougheye,5,2029,SSB_median,5147.7
Rougheye,5,2029,SSB_mean,5147.87
Rougheye,5,2030,SSB_lb,5615.4
Rougheye,5,2030,SSB_ub,5619.93
Rougheye,5,2030,SSB_median,5617.02
Rougheye,5,2030,SSB_mean,5617.28
Rougheye,5,2031,SSB_lb,6120.87
Rougheye,5,2031,SSB_ub,6127.72
Rougheye,5,2031,SSB_median,6123.34
Rougheye,5,2031,SSB_mean,6123.73
Rougheye,5,2032,SSB_lb,6659.95
Rougheye,5,2032,SSB_ub,6670.11
Rougheye,5,2032,SSB_median,6663.62
Rougheye,5,2032,SSB_mean,6664.21
Rougheye,5,2033,SSB_lb,7226.42
Rougheye,5,2033,SSB_ub,7241.15
Rougheye,5,2033,SSB_median,7231.85
Rougheye,5,2033,SSB_mean,7232.69
Rougheye,5,2034,SSB_lb,7808.63
Rougheye,5,2034,SSB_ub,7829.85
Rougheye,5,2034,SSB_median,7816.45
Rougheye,5,2034,SSB_mean,7817.64
Rougheye,5,2035,SSB_lb,8393.14
Rougheye,5,2035,SSB_ub,8422.78
Rougheye,5,2035,SSB_median,8404.28
Rougheye,5,2035,SSB_mean,8405.89
Rougheye,5,2036,SSB_lb,8966.63
Rougheye,5,2036,SSB_ub,9007.96
Rougheye,5,2036,SSB_median,8982.07
Rougheye,5,2036,SSB_mean,8984.29
Rougheye,5,2037,SSB_lb,9508.8
Rougheye,5,2037,SSB_ub,9565.6
Rougheye,5,2037,SSB_median,9530.13
Rougheye,5,2037,SSB_mean,9532.97
Rougheye,5,2024,F_lb,0.0266421
Rougheye,5,2024,F_ub,0.0266421
Rougheye,5,2024,F_median,0.0266421
Rougheye,5,2024,F_mean,0.0266421
Rougheye,5,2025,F_lb,0.030356
Rougheye,5,2025,F_ub,0.0303563
Rougheye,5,2025,F_median,0.0303562
Rougheye,5,2025,F_mean,0.0303562
Rougheye,5,2026,F_lb,0
Rougheye,5,2026,F_ub,0
Rougheye,5,2026,F_median,0
Rougheye,5,2026,F_mean,0
Rougheye,5,2027,F_lb,0
Rougheye,5,2027,F_ub,0
Rougheye,5,2027,F_median,0
Rougheye,5,2027,F_mean,0
Rougheye,5,2028,F_lb,0
Rougheye,5,2028,F_ub,0
Rougheye,5,2028,F_median,0
Rougheye,5,2028,F_mean,0
Rougheye,5,2029,F_lb,0
Rougheye,5,2029,F_ub,0
Rougheye,5,2029,F_median,0
Rougheye,5,2029,F_mean,0
Rougheye,5,2030,F_lb,0
Rougheye,5,2030,F_ub,0
Rougheye,5,2030,F_median,0
Rougheye,5,2030,F_mean,0
Rougheye,5,2031,F_lb,0
Rougheye,5,2031,F_ub,0
Rougheye,5,2031,F_median,0
Rougheye,5,2031,F_mean,0
Rougheye,5,2032,F_lb,0
Rougheye,5,2032,F_ub,0
Rougheye,5,2032,F_median,0
Rougheye,5,2032,F_mean,0
Rougheye,5,2033,F_lb,0
Rougheye,5,2033,F_ub,0
Rougheye,5,2033,F_median,0
Rougheye,5,2033,F_mean,0
Rougheye,5,2034,F_lb,0
Rougheye,5,2034,F_ub,0
Rougheye,5,2034,F_median,0
Rougheye,5,2034,F_mean,0
Rougheye,5,2035,F_lb,0
Rougheye,5,2035,F_ub,0
Rougheye,5,2035,F_median,0
Rougheye,5,2035,F_mean,0
Rougheye,5,2036,F_lb,0
Rougheye,5,2036,F_ub,0
Rougheye,5,2036,F_median,0
Rougheye,5,2036,F_mean,0
Rougheye,5,2037,F_lb,0
Rougheye,5,2037,F_ub,0
Rougheye,5,2037,F_median,0
Rougheye,5,2037,F_mean,0
Rougheye,6,2024,C_lb,453
Rougheye,6,2024,C_ub,453
Rougheye,6,2024,C_median,453
Rougheye,6,2024,C_mean,453
Rougheye,6,2024,C_sd,5.68434e-12
Rougheye,6,2025,C_lb,766.199
Rougheye,6,2025,C_ub,766.207
Rougheye,6,2025,C_median,766.201
Rougheye,6,2025,C_mean,766.202
Rougheye,6,2025,C_sd,0.00261403
Rougheye,6,2026,C_lb,829.503
Rougheye,6,2026,C_ub,829.526
Rougheye,6,2026,C_median,829.51
Rougheye,6,2026,C_mean,829.511
Rougheye,6,2026,C_sd,0.00741592
Rougheye,6,2027,C_lb,879.306
Rougheye,6,2027,C_ub,879.362
Rougheye,6,2027,C_median,879.323
Rougheye,6,2027,C_mean,879.328
Rougheye,6,2027,C_sd,0.0184966
Rougheye,6,2028,C_lb,912.684
Rougheye,6,2028,C_ub,912.816
Rougheye,6,2028,C_median,912.726
Rougheye,6,2028,C_mean,912.735
Rougheye,6,2028,C_sd,0.0439654
Rougheye,6,2029,C_lb,931.444
Rougheye,6,2029,C_ub,931.741
Rougheye,6,2029,C_median,931.54
Rougheye,6,2029,C_mean,931.561
Rougheye,6,2029,C_sd,0.100347
Rougheye,6,2030,C_lb,938.398
Rougheye,6,2030,C_ub,939.05
Rougheye,6,2030,C_median,938.606
Rougheye,6,2030,C_mean,938.654
Rougheye,6,2030,C_sd,0.220072
Rougheye,6,2031,C_lb,936.462
Rougheye,6,2031,C_ub,937.845
Rougheye,6,2031,C_median,936.904
Rougheye,6,2031,C_mean,937.005
Rougheye,6,2031,C_sd,0.467412
Rougheye,6,2032,C_lb,928.05
Rougheye,6,2032,C_ub,930.884
Rougheye,6,2032,C_median,928.952
Rougheye,6,2032,C_mean,929.159
Rougheye,6,2032,C_sd,0.953249
Rougheye,6,2033,C_lb,914.991
Rougheye,6,2033,C_ub,920.527
Rougheye,6,2033,C_median,916.771
Rougheye,6,2033,C_mean,917.174
Rougheye,6,2033,C_sd,1.85773
Rougheye,6,2034,C_lb,898.16
Rougheye,6,2034,C_ub,908.267
Rougheye,6,2034,C_median,901.519
Rougheye,6,2034,C_mean,902.208
Rougheye,6,2034,C_sd,3.3989
Rougheye,6,2035,C_lb,878.223
Rougheye,6,2035,C_ub,895.2
Rougheye,6,2035,C_median,884.019
Rougheye,6,2035,C_mean,885.165
Rougheye,6,2035,C_sd,5.73999
Rougheye,6,2036,C_lb,855.855
Rougheye,6,2036,C_ub,882.378
Rougheye,6,2036,C_median,865.225
Rougheye,6,2036,C_mean,866.797
Rougheye,6,2036,C_sd,8.8522
Rougheye,6,2037,C_lb,831.465
Rougheye,6,2037,C_ub,868.943
Rougheye,6,2037,C_median,844.939
Rougheye,6,2037,C_mean,847.069
Rougheye,6,2037,C_sd,12.4525
Rougheye,6,2024,SSB_lb,3522.8
Rougheye,6,2024,SSB_ub,3522.8
Rougheye,6,2024,SSB_median,3522.8
Rougheye,6,2024,SSB_mean,3522.8
Rougheye,6,2025,SSB_lb,3723.16
Rougheye,6,2025,SSB_ub,3723.44
Rougheye,6,2025,SSB_median,3723.23
Rougheye,6,2025,SSB_mean,3723.26
Rougheye,6,2026,SSB_lb,3900.44
Rougheye,6,2026,SSB_ub,3901.04
Rougheye,6,2026,SSB_median,3900.63
Rougheye,6,2026,SSB_mean,3900.67
Rougheye,6,2027,SSB_lb,4091.87
Rougheye,6,2027,SSB_ub,4092.94
Rougheye,6,2027,SSB_median,4092.24
Rougheye,6,2027,SSB_mean,4092.31
Rougheye,6,2028,SSB_lb,4296.54
Rougheye,6,2028,SSB_ub,4298.35
Rougheye,6,2028,SSB_median,4297.16
Rougheye,6,2028,SSB_mean,4297.28
Rougheye,6,2029,SSB_lb,4513.63
Rougheye,6,2029,SSB_ub,4516.5
Rougheye,6,2029,SSB_median,4514.65
Rougheye,6,2029,SSB_mean,4514.83
Rougheye,6,2030,SSB_lb,4740.89
Rougheye,6,2030,SSB_ub,4745.41
Rougheye,6,2030,SSB_median,4742.5
Rougheye,6,2030,SSB_mean,4742.77
Rougheye,6,2031,SSB_lb,4975.53
Rougheye,6,2031,SSB_ub,4982.36
Rougheye,6,2031,SSB_median,4977.99
Rougheye,6,2031,SSB_mean,4978.38
Rougheye,6,2032,SSB_lb,5213.39
Rougheye,6,2032,SSB_ub,5223.51
Rougheye,6,2032,SSB_median,5217.05
Rougheye,6,2032,SSB_mean,5217.64
Rougheye,6,2033,SSB_lb,5448.5
Rougheye,6,2033,SSB_ub,5463.16
Rougheye,6,2033,SSB_median,5453.9
Rougheye,6,2033,SSB_mean,5454.74
Rougheye,6,2034,SSB_lb,5671.81
Rougheye,6,2034,SSB_ub,5692.81
Rougheye,6,2034,SSB_median,5679.56
Rougheye,6,2034,SSB_mean,5680.74
Rougheye,6,2035,SSB_lb,5874.4
Rougheye,6,2035,SSB_ub,5903.42
Rougheye,6,2035,SSB_median,5885.35
Rougheye,6,2035,SSB_mean,5886.91
Rougheye,6,2036,SSB_lb,6048.8
Rougheye,6,2036,SSB_ub,6088.85
Rougheye,6,2036,SSB_median,6063.91
Rougheye,6,2036,SSB_mean,6065.97
Rougheye,6,2037,SSB_lb,6184.32
Rougheye,6,2037,SSB_ub,6238.79
Rougheye,6,2037,SSB_median,6204.69
Rougheye,6,2037,SSB_mean,6207.54
Rougheye,6,2024,F_lb,0.0266421
Rougheye,6,2024,F_ub,0.0266421
Rougheye,6,2024,F_median,0.0266421
Rougheye,6,2024,F_mean,0.0266421
Rougheye,6,2025,F_lb,0.0409186
Rougheye,6,2025,F_ub,0.0409186
Rougheye,6,2025,F_median,0.0409186
Rougheye,6,2025,F_mean,0.0409186
Rougheye,6,2026,F_lb,0.0409186
Rougheye,6,2026,F_ub,0.0409186
Rougheye,6,2026,F_median,0.0409186
Rougheye,6,2026,F_mean,0.0409186
Rougheye,6,2027,F_lb,0.0409186
Rougheye,6,2027,F_ub,0.0409186
Rougheye,6,2027,F_median,0.0409186
Rougheye,6,2027,F_mean,0.0409186
Rougheye,6,2028,F_lb,0.0409186
Rougheye,6,2028,F_ub,0.0409186
Rougheye,6,2028,F_median,0.0409186
Rougheye,6,2028,F_mean,0.0409186
Rougheye,6,2029,F_lb,0.0409186
Rougheye,6,2029,F_ub,0.0409186
Rougheye,6,2029,F_median,0.0409186
Rougheye,6,2029,F_mean,0.0409186
Rougheye,6,2030,F_lb,0.0409186
Rougheye,6,2030,F_ub,0.0409186
Rougheye,6,2030,F_median,0.0409186
Rougheye,6,2030,F_mean,0.0409186
Rougheye,6,2031,F_lb,0.0409186
Rougheye,6,2031,F_ub,0.0409186
Rougheye,6,2031,F_median,0.0409186
Rougheye,6,2031,F_mean,0.0409186
Rougheye,6,2032,F_lb,0.0409186
Rougheye,6,2032,F_ub,0.0409186
Rougheye,6,2032,F_median,0.0409186
Rougheye,6,2032,F_mean,0.0409186
Rougheye,6,2033,F_lb,0.0409186
Rougheye,6,2033,F_ub,0.0409186
Rougheye,6,2033,F_median,0.0409186
Rougheye,6,2033,F_mean,0.0409186
Rougheye,6,2034,F_lb,0.0409186
Rougheye,6,2034,F_ub,0.0409186
Rougheye,6,2034,F_median,0.0409186
Rougheye,6,2034,F_mean,0.0409186
Rougheye,6,2035,F_lb,0.0409186
Rougheye,6,2035,F_ub,0.0409186
Rougheye,6,2035,F_median,0.0409186
Rougheye,6,2035,F_mean,0.0409186
Rougheye,6,2036,F_lb,0.0409186
Rougheye,6,2036,F_ub,0.0409186
Rougheye,6,2036,F_median,0.0409186
Rougheye,6,2036,F_mean,0.0409186
Rougheye,6,2037,F_lb,0.0409186
Rougheye,6,2037,F_ub,0.0409186
Rougheye,6,2037,F_median,0.0409186
Rougheye,6,2037,F_mean,0.0409186
Rougheye,7,2024,C_lb,453
Rougheye,7,2024,C_ub,453
Rougheye,7,2024,C_median,453
Rougheye,7,2024,C_mean,453
Rougheye,7,2024,C_sd,5.68434e-12
Rougheye,7,2025,C_lb,652.06
Rougheye,7,2025,C_ub,652.067
Rougheye,7,2025,C_median,652.062
Rougheye,7,2025,C_mean,652.063
Rougheye,7,2025,C_sd,0.002219
Rougheye,7,2026,C_lb,709.461
Rougheye,7,2026,C_ub,709.48
Rougheye,7,2026,C_median,709.467
Rougheye,7,2026,C_mean,709.468
Rougheye,7,2026,C_sd,0.00629529
Rougheye,7,2027,C_lb,888.001
Rougheye,7,2027,C_ub,888.057
Rougheye,7,2027,C_median,888.018
Rougheye,7,2027,C_mean,888.022
Rougheye,7,2027,C_sd,0.0184969
Rougheye,7,2028,C_lb,921.401
Rougheye,7,2028,C_ub,921.532
Rougheye,7,2028,C_median,921.443
Rougheye,7,2028,C_mean,921.452
Rougheye,7,2028,C_sd,0.0439662
Rougheye,7,2029,C_lb,940.042
Rougheye,7,2029,C_ub,940.339
Rougheye,7,2029,C_median,940.138
Rougheye,7,2029,C_mean,940.159
Rougheye,7,2029,C_sd,0.100349
Rougheye,7,2030,C_lb,946.773
Rougheye,7,2030,C_ub,947.425
Rougheye,7,2030,C_median,946.981
Rougheye,7,2030,C_mean,947.029
Rougheye,7,2030,C_sd,0.220076
Rougheye,7,2031,C_lb,944.544
Rougheye,7,2031,C_ub,945.927
Rougheye,7,2031,C_median,944.986
Rougheye,7,2031,C_mean,945.087
Rougheye,7,2031,C_sd,0.46742
Rougheye,7,2032,C_lb,935.795
Rougheye,7,2032,C_ub,938.63
Rougheye,7,2032,C_median,936.698
Rougheye,7,2032,C_mean,936.905
Rougheye,7,2032,C_sd,0.953265
Rougheye,7,2033,C_lb,922.377
Rougheye,7,2033,C_ub,927.913
Rougheye,7,2033,C_median,924.157
Rougheye,7,2033,C_mean,924.56
Rougheye,7,2033,C_sd,1.85776
Rougheye,7,2034,C_lb,905.173
Rougheye,7,2034,C_ub,915.28
Rougheye,7,2034,C_median,908.532
Rougheye,7,2034,C_mean,909.221
Rougheye,7,2034,C_sd,3.39895
Rougheye,7,2035,C_lb,884.859
Rougheye,7,2035,C_ub,901.835
Rougheye,7,2035,C_median,890.654
Rougheye,7,2035,C_mean,891.8
Rougheye,7,2035,C_sd,5.74008
Rougheye,7,2036,C_lb,862.118
Rougheye,7,2036,C_ub,888.64
Rougheye,7,2036,C_median,871.487
Rougheye,7,2036,C_mean,873.06
Rougheye,7,2036,C_sd,8.85232
Rougheye,7,2037,C_lb,837.358
Rougheye,7,2037,C_ub,874.837
Rougheye,7,2037,C_median,850.833
Rougheye,7,2037,C_mean,852.963
Rougheye,7,2037,C_sd,12.4527
Rougheye,7,2024,SSB_lb,3522.8
Rougheye,7,2024,SSB_ub,3522.8
Rougheye,7,2024,SSB_median,3522.8
Rougheye,7,2024,SSB_mean,3522.8
Rougheye,7,2025,SSB_lb,3726.79
Rougheye,7,2025,SSB_ub,3727.08
Rougheye,7,2025,SSB_median,3726.87
Rougheye,7,2025,SSB_mean,3726.89
Rougheye,7,2026,SSB_lb,3926.86
Rougheye,7,2026,SSB_ub,3927.47
Rougheye,7,2026,SSB_median,3927.05
Rougheye,7,2026,SSB_mean,3927.1
Rougheye,7,2027,SSB_lb,4139.17
Rougheye,7,2027,SSB_ub,4140.24
Rougheye,7,2027,SSB_median,4139.54
Rougheye,7,2027,SSB_mean,4139.6
Rougheye,7,2028,SSB_lb,4345.37
Rougheye,7,2028,SSB_ub,4347.18
Rougheye,7,2028,SSB_median,4345.99
Rougheye,7,2028,SSB_mean,4346.11
Rougheye,7,2029,SSB_lb,4563.95
Rougheye,7,2029,SSB_ub,4566.83
Rougheye,7,2029,SSB_median,4564.97
Rougheye,7,2029,SSB_mean,4565.15
Rougheye,7,2030,SSB_lb,4792.63
Rougheye,7,2030,SSB_ub,4797.16
Rougheye,7,2030,SSB_median,4794.25
Rougheye,7,2030,SSB_mean,4794.51
Rougheye,7,2031,SSB_lb,5028.58
Rougheye,7,2031,SSB_ub,5035.42
Rougheye,7,2031,SSB_median,5031.05
Rougheye,7,2031,SSB_mean,5031.43
Rougheye,7,2032,SSB_lb,5267.6
Rougheye,7,2032,SSB_ub,5277.72
Rougheye,7,2032,SSB_median,5271.26
Rougheye,7,2032,SSB_mean,5271.85
Rougheye,7,2033,SSB_lb,5503.67
Rougheye,7,2033,SSB_ub,5518.33
Rougheye,7,2033,SSB_median,5509.07
Rougheye,7,2033,SSB_mean,5509.91
Rougheye,7,2034,SSB_lb,5727.67
Rougheye,7,2034,SSB_ub,5748.68
Rougheye,7,2034,SSB_median,5735.43
Rougheye,7,2034,SSB_mean,5736.6
Rougheye,7,2035,SSB_lb,5930.63
Rougheye,7,2035,SSB_ub,5959.65
Rougheye,7,2035,SSB_median,5941.58
Rougheye,7,2035,SSB_mean,5943.14
Rougheye,7,2036,SSB_lb,6105.03
Rougheye,7,2036,SSB_ub,6145.09
Rougheye,7,2036,SSB_median,6120.15
Rougheye,7,2036,SSB_mean,6122.2
Rougheye,7,2037,SSB_lb,6240.13
Rougheye,7,2037,SSB_ub,6294.61
Rougheye,7,2037,SSB_median,6260.51
Rougheye,7,2037,SSB_mean,6263.36
Rougheye,7,2024,F_lb,0.0266421
Rougheye,7,2024,F_ub,0.0266421
Rougheye,7,2024,F_median,0.0266421
Rougheye,7,2024,F_mean,0.0266421
Rougheye,7,2025,F_lb,0.0347349
Rougheye,7,2025,F_ub,0.0347349
Rougheye,7,2025,F_median,0.0347349
Rougheye,7,2025,F_mean,0.0347349
Rougheye,7,2026,F_lb,0.0347349
Rougheye,7,2026,F_ub,0.0347349
Rougheye,7,2026,F_median,0.0347349
Rougheye,7,2026,F_mean,0.0347349
Rougheye,7,2027,F_lb,0.0409186
Rougheye,7,2027,F_ub,0.0409186
Rougheye,7,2027,F_median,0.0409186
Rougheye,7,2027,F_mean,0.0409186
Rougheye,7,2028,F_lb,0.0409186
Rougheye,7,2028,F_ub,0.0409186
Rougheye,7,2028,F_median,0.0409186
Rougheye,7,2028,F_mean,0.0409186
Rougheye,7,2029,F_lb,0.0409186
Rougheye,7,2029,F_ub,0.0409186
Rougheye,7,2029,F_median,0.0409186
Rougheye,7,2029,F_mean,0.0409186
Rougheye,7,2030,F_lb,0.0409186
Rougheye,7,2030,F_ub,0.0409186
Rougheye,7,2030,F_median,0.0409186
Rougheye,7,2030,F_mean,0.0409186
Rougheye,7,2031,F_lb,0.0409186
Rougheye,7,2031,F_ub,0.0409186
Rougheye,7,2031,F_median,0.0409186
Rougheye,7,2031,F_mean,0.0409186
Rougheye,7,2032,F_lb,0.0409186
Rougheye,7,2032,F_ub,0.0409186
Rougheye,7,2032,F_median,0.0409186
Rougheye,7,2032,F_mean,0.0409186
Rougheye,7,2033,F_lb,0.0409186
Rougheye,7,2033,F_ub,0.0409186
Rougheye,7,2033,F_median,0.0409186
Rougheye,7,2033,F_mean,0.0409186
Rougheye,7,2034,F_lb,0.0409186
Rougheye,7,2034,F_ub,0.0409186
Rougheye,7,2034,F_median,0.0409186
Rougheye,7,2034,F_mean,0.0409186
Rougheye,7,2035,F_lb,0.0409186
Rougheye,7,2035,F_ub,0.0409186
Rougheye,7,2035,F_median,0.0409186
Rougheye,7,2035,F_mean,0.0409186
Rougheye,7,2036,F_lb,0.0409186
Rougheye,7,2036,F_ub,0.0409186
Rougheye,7,2036,F_median,0.0409186
Rougheye,7,2036,F_mean,0.0409186
Rougheye,7,2037,F_lb,0.0409186
Rougheye,7,2037,F_ub,0.0409186
Rougheye,7,2037,F_median,0.0409186
Rougheye,7,2037,F_mean,0.0409186
